<?xml version="1.0" encoding="UTF-8"?>
<project-private xmlns="http://www.netbeans.org/ns/project-private/1">
    <editor-bookmarks xmlns="http://www.netbeans.org/ns/editor-bookmarks/2" lastBookmarkId="1">
        <file>
            <url>src/Modelos/Variables_stock.java</url>
            <bookmark id="1">
                <name/>
                <line>11</line>
                <key/>
            </bookmark>
        </file>
    </editor-bookmarks>
    <open-files xmlns="http://www.netbeans.org/ns/projectui-open-files/2">
        <group>
            <file>file:/C:/Users/Davel-11/Desktop/Java%20EE/U-proyectos/U-001-Proyecto/src/Vistas/V_Menu_Principal.java</file>
            <file>file:/C:/Users/Davel-11/Desktop/Java%20EE/U-proyectos/U-001-Proyecto/src/Vistas/V_8_Venta.java</file>
        </group>
    </open-files>
</project-private>
